{"fpcalc<float>":{"g++8.1(MinGW-W64)":[2.20277,2.21207,2.2253,2.20257,2.21397,2.2504,2.20558,2.30334,2.21628,2.20449,2.21145,2.20489,2.20035,2.20735,2.20454,2.20202,2.2034,2.20967,2.23652,2.1846,2.19936,2.18563,2.18711,2.22681,2.19401],"clang++8.0 x86_64":[1.3724,1.47999,1.36487,1.45895,1.36842,1.36222,1.37105,1.36404,1.36359,1.36848,1.35982,1.3622,1.35981,1.37039,1.3937,1.37871,1.35886,1.35846,1.35938,1.35789,1.3554,1.34891,1.37857,1.35146,1.35031],"cl 19.20(vs2019)":[1.49778,1.50406,1.49573,1.65001,1.50618,1.51996,1.49719,1.50719,1.49834,1.50251,1.55897,1.49791,1.51117,1.49808,1.59119,1.5011,1.54731,1.49473,1.50716,1.48424,1.48609,1.48781,1.54086,1.48476,1.48462],"cl 19.16(vs2017)":[1.47544,1.48642,1.4716,1.52894,1.47372,1.54689,1.47256,1.47302,1.47279,1.47844,1.67562,1.47246,1.49356,1.47457,1.47091,1.50889,1.47073,1.48789,1.46246,1.46567,1.4638,1.46098,1.4609,1.46079,1.46574]},"fpcalc<double>":{"g++8.1(MinGW-W64)":[2.32651,2.31016,2.30807,2.30724,2.31302,2.48924,2.31095,2.36037,2.34343,2.3111,2.30409,2.32652,2.30796,2.31,2.30875,2.30757,2.30867,2.3047,2.3106,2.2911,2.32706,2.2912,2.28934,2.2849,2.4532],"clang++8.0 x86_64":[1.3251,1.44475,1.32025,1.35166,1.33071,1.32175,1.33424,1.32895,1.32014,1.31866,1.32066,1.32158,1.31829,1.32096,1.46147,1.40131,1.3201,1.32857,1.50145,1.30933,1.3454,1.31026,1.32399,1.30995,1.30875],"cl 19.20(vs2019)":[1.43805,1.4365,1.44111,1.44521,1.43682,1.43606,1.43581,1.43681,1.47996,1.45501,1.47341,1.43625,1.43461,1.43904,1.55013,1.43821,1.43595,1.43321,1.42419,1.42439,1.42634,1.42968,1.43544,1.42339,1.42972],"cl 19.16(vs2017)":[1.43711,1.46782,1.43673,1.43459,1.43906,1.44191,1.43344,1.44519,1.45123,1.43808,1.44282,1.43667,1.4382,1.43622,1.45635,1.43752,1.43784,1.4417,1.42151,1.42423,1.42938,1.45679,1.43008,1.43919,1.42435]},"strmap":{"g++8.1(MinGW-W64)":[1.28141,1.26952,1.28052,1.30529,1.2683,1.27198,1.27012,1.27879,1.32986,1.27979,1.27128,1.27627,1.27442,1.27183,1.27105,1.2685,1.30558,1.26849,1.30525,1.23735,1.2402,1.24707,1.23284,1.23266,1.23882],"clang++8.0 x86_64":[1.28785,1.36299,1.2783,1.32865,1.29006,1.28277,1.28167,1.3037,1.28597,1.28265,1.28425,1.29048,1.2915,1.31769,1.28796,1.29206,1.28293,1.29245,1.28226,1.25687,1.24664,1.25305,1.24578,1.25005,1.2458],"cl 19.20(vs2019)":[1.27806,1.28241,1.27971,1.28598,1.27936,1.28427,1.27775,1.299,1.28527,1.32355,1.28793,1.2797,1.2802,1.27869,1.33312,1.29318,1.28125,1.28217,1.28012,1.24467,1.28305,1.24831,1.29049,1.24222,1.24969],"cl 19.16(vs2017)":[1.30507,1.28103,1.28042,1.27811,1.28817,1.29212,1.30885,1.27867,1.35325,1.28006,1.31907,1.28235,1.33213,1.27941,1.27953,1.28446,1.28057,1.28259,1.24505,1.24109,1.24697,1.25001,1.2479,1.24809,1.24422]},"fibo(42)":{"g++8.1(MinGW-W64)":[1.0577,1.05255,1.05158,1.05853,1.05489,1.1094,1.08948,1.05222,1.05194,1.05271,1.05078,1.05032,1.04972,1.05322,1.05344,1.05862,1.05283,1.05182,1.0777,1.04531,1.1131,1.05008,1.2333,1.04604,1.05841],"clang++8.0 x86_64":[0.789391,0.816236,0.791967,0.790837,0.793611,0.789775,0.793737,0.789499,0.789652,0.789874,0.788144,0.794031,0.79252,0.790468,0.800404,0.792488,0.790903,0.792212,0.825619,0.784682,0.784552,0.78492,0.786252,0.78484,0.785521],"cl 19.20(vs2019)":[1.10411,1.1095,1.10601,1.12121,1.10541,1.12477,1.10662,1.11453,1.10317,1.10574,1.10783,1.1139,1.17953,1.10365,1.11339,1.10866,1.13251,1.14387,1.10111,1.09593,1.09608,1.09573,1.09926,1.09635,1.0984],"cl 19.16(vs2017)":[0.948666,0.917928,0.912432,0.910705,0.911515,0.912447,0.914303,0.913525,1.01583,0.913837,0.913874,0.912566,0.916299,0.911103,0.913389,0.912322,0.911211,0.913366,0.911902,0.93799,0.905605,0.912049,0.906655,0.904465,0.907021]},"vec":{"g++8.1(MinGW-W64)":[2.44255,2.4371,2.42783,2.68901,2.49168,2.45143,2.45379,2.43788,2.4352,2.44561,2.43344,2.42656,2.42474,2.42958,2.42879,2.50316,2.45389,2.42452,2.44969,2.35885,2.57662,2.35999,2.40895,2.36145,2.39989],"clang++8.0 x86_64":[2.43431,2.46219,2.43203,2.46411,2.47424,2.44018,2.42983,2.66485,2.43136,2.44729,2.49431,2.4351,2.47529,2.43109,2.43196,2.43387,2.64788,2.44046,2.40112,2.3778,2.37122,2.35816,2.36757,2.36438,2.35952],"cl 19.20(vs2019)":[2.44619,2.45795,2.42204,2.42892,2.41924,2.45785,2.43206,2.50081,2.45142,2.42131,2.44677,2.43855,2.56849,2.41588,2.42374,2.42925,2.42105,2.53602,2.34972,2.38255,2.35445,2.35935,2.37391,2.38356,2.35605],"cl 19.16(vs2017)":[2.5859,2.4836,2.47092,2.45409,2.4663,2.46708,2.57229,2.4939,2.53021,2.48682,2.52679,2.46986,2.553,2.4624,2.46384,2.47704,2.461,2.46357,2.4023,2.38815,2.39633,2.40485,2.4025,2.39308,2.48288]}}
